Date,Ticker,Close,High,Low,Open,Volume
2023-01-03,AAPL,123.47061157226562,129.22605213593528,122.58211921528644,128.6139854814398,112117500
2023-01-03,MSFT,234.80892944335938,240.85605630555537,232.67233488044818,238.23922932970504,25740000
2023-01-03,TSLA,108.0999984741211,118.80000305175781,104.63999938964844,118.47000122070312,231402800
2023-01-04,AAPL,124.7441177368164,127.01470850998557,123.48048749262259,125.26733892869382,89113600
2023-01-04,MSFT,224.53765869140625,228.2325713228783,221.46018993339348,227.65432430054253,50623400
2023-01-04,TSLA,113.63999938964844,114.58999633789062,107.5199966430664,109.11000061035156,180389000
2023-01-05,AAPL,123.4212646484375,126.13609817024776,123.16459490202124,125.50428297135478,80962700
2023-01-05,MSFT,217.88287353515625,223.01852855170435,217.3438233498918,222.67549253701173,39585600
2023-01-05,TSLA,110.33999633789062,111.75,107.16000366210938,110.51000213623047,157986300
2023-01-06,AAPL,127.9624252319336,128.6238555191488,123.29291630250204,124.39859654565812,87754700
2023-01-06,MSFT,220.45069885253906,221.26417188709627,214.9818330743018,218.55914037652232,43613600
2023-01-06,TSLA,113.05999755859375,114.38999938964844,101.80999755859375,103.0,220911100
2023-01-09,AAPL,128.4856414794922,131.70396238313268,128.22897177101316,128.80155656407595,70790800
2023-01-09,MSFT,222.59707641601562,226.63503997806498,221.9012238905733,221.9404207414047,27369800
2023-01-09,TSLA,119.7699966430664,123.5199966430664,117.11000061035156,118.95999908447266,190284000
2023-01-10,AAPL,129.0582275390625,129.58144872233615,126.48160347682453,128.5942366688145,63896200
2023-01-10,MSFT,224.29263305664062,226.70363566114452,222.8028985080936,223.22432820821962,27033900
2023-01-10,TSLA,118.8499984741211,122.76000213623047,114.91999816894531,121.06999969482422,167642500
2023-01-11,AAPL,131.78292846679688,131.80266185993827,128.7916774670581,129.5715682785917,69458900
2023-01-11,MSFT,231.07481384277344,231.2512220935921,226.50761080924343,226.6840190600621,28669300
2023-01-11,TSLA,123.22000122070312,125.94999694824219,120.51000213623047,122.08999633789062,183810800
2023-01-12,AAPL,131.70396423339844,132.5430854442494,129.75915527463124,132.16795510561155,71379600
2023-01-12,MSFT,233.76025390625,235.1225725416833,228.9088322882637,230.57497512258234,27269500
2023-01-12,TSLA,123.55999755859375,124.12999725341797,117.0,122.55999755859375,169400900
2023-01-13,AAPL,133.03668212890625,133.19463966232263,129.97633400317605,130.3415976184994,57809700
2023-01-13,MSFT,234.4659423828125,234.60315380869207,230.24177460581592,232.2803550438294,21333300
2023-01-13,TSLA,122.4000015258789,122.62999725341797,115.5999984741211,116.55000305175781,180714100
2023-01-17,AAPL,134.20162963867188,135.53435707802646,132.41477795673228,133.1058234879157,63646600
2023-01-17,MSFT,235.5636444091797,236.11249010259638,232.3685549076242,233.23103525723528,29831300
2023-01-17,TSLA,131.49000549316406,131.6999969482422,125.0199966430664,125.69999694824219,186477000
2023-01-18,AAPL,133.48094177246094,136.83745656269951,133.30323577852656,135.0703537024429,69672800
2023-01-18,MSFT,231.11404418945312,237.5532154662232,230.82982587029858,236.75934831263203,30028700
2023-01-18,TSLA,128.77999877929688,136.67999267578125,127.01000213623047,136.55999755859375,195680300
2023-01-19,AAPL,133.54019165039062,134.50765533885576,132.0593734264766,132.36540678256628,58280400
2023-01-19,MSFT,227.311279296875,230.82979848155264,226.08617211757934,229.12444390420126,28623000
2023-01-19,TSLA,127.16999816894531,129.99000549316406,124.30999755859375,127.26000213623047,170291900
2023-01-20,AAPL,136.10693359375,136.2550244536786,132.50361529041555,133.55005775379874,80223600
2023-01-20,MSFT,235.4362030029297,235.94585178667532,229.8399067203441,230.18294271909866,35389800
2023-01-20,TSLA,133.4199981689453,133.50999450683594,127.3499984741211,128.67999267578125,138858100
2023-01-23,AAPL,139.3054962158203,141.4872415250396,136.136538833656,136.3537266947968,81760300
2023-01-23,MSFT,237.74920654296875,240.28762508379944,234.87754747647304,236.2986837989115,31934000
2023-01-23,TSLA,143.75,145.3800048828125,134.27000427246094,135.8699951171875,203119200
2023-01-24,AAPL,140.7073516845703,141.32930018220668,138.50587272731724,138.51573942626007,66435100
2023-01-24,MSFT,237.21995544433594,239.0919228720018,235.6518271703912,237.67080148298487,40234400
2023-01-24,TSLA,143.88999938964844,146.5,141.10000610351562,143.0,158699100
2023-01-25,AAPL,140.0458984375,140.60860145852004,137.03489874919626,139.0883015683729,65799300
2023-01-25,MSFT,235.8184356689453,238.45486876012572,226.30179634476667,229.81050516547126,66526600
2023-01-25,TSLA,144.42999267578125,146.41000366210938,138.07000732421875,141.91000366210938,192734300
2023-01-26,AAPL,142.11903381347656,142.4053186406196,140.08536461650493,141.3391279655153,54105100
2023-01-26,MSFT,243.06126403808594,243.36508822534608,237.1807495855516,238.7978850780299,33454500
2023-01-26,TSLA,160.27000427246094,161.4199981689453,154.75999450683594,159.97000122070312,234815100
2023-01-27,AAPL,144.0638427734375,145.34722141150488,141.25029755609052,141.32927632528882,70555800
2023-01-27,MSFT,243.21807861328125,244.85481998958946,241.9145627963581,244.03155156466582,26498900
2023-01-27,TSLA,177.89999389648438,180.67999267578125,161.1699981689453,162.42999267578125,306590600
2023-01-30,AAPL,141.1713409423828,143.68873499989203,141.0232651416844,143.10628343226185,64015300
2023-01-30,MSFT,237.87661743164062,240.7090646327135,237.37676413120786,239.64075980634883,25867400
2023-01-30,TSLA,166.66000366210938,179.77000427246094,166.5,178.0500030517578,230878800
2023-01-31,AAPL,142.44480895996094,142.4941725713441,140.46051831709534,140.87514553812727,65874500
2023-01-31,MSFT,242.8750762939453,243.01228771712016,238.11185838241346,238.60190131588413,26541100
2023-01-31,TSLA,173.22000122070312,174.3000030517578,162.77999877929688,164.57000732421875,196813500
2023-02-01,AAPL,143.57025146484375,144.7351696002277,139.51282411039048,142.1289302044529,77663600
2023-02-01,MSFT,247.71669006347656,250.09829141866163,240.58166651738924,243.06128243617087,31259900
2023-02-01,TSLA,181.41000366210938,183.80999755859375,169.92999267578125,173.88999938964844,213806300
2023-02-02,AAPL,148.89132690429688,149.24670877710787,146.27520596359832,146.99586653400996,118339000
2023-02-02,MSFT,259.3307189941406,259.4189231304734,252.12708209516663,253.66582404083547,39940400
2023-02-02,TSLA,188.27000427246094,196.75,182.61000061035156,187.3300018310547,217448300
2023-02-03,AAPL,152.52426147460938,155.36743699431324,145.93955891955838,146.13699831650217,154357300
2023-02-03,MSFT,253.20516967773438,258.9386775277901,251.98006244096368,254.37147415992763,29077300
2023-02-03,TSLA,189.97999572753906,199.0,183.69000244140625,183.9499969482422,232662000
2023-02-06,AAPL,149.7896728515625,151.14216353764462,148.85182446235734,150.6189423816567,69858300
2023-02-06,MSFT,251.65663146972656,253.15616161509,249.70627021074858,252.31330214573043,22518000
2023-02-06,TSLA,194.75999450683594,198.1699981689453,189.9199981689453,193.00999450683594,186188100
2023-02-07,AAPL,152.67233276367188,153.24491754252153,148.7136179890826,148.7136179890826,83322600
2023-02-07,MSFT,262.23175048828125,263.4176459144894,254.90069804204686,255.3417486096492,50841400
2023-02-07,TSLA,196.80999755859375,197.5,189.5500030517578,196.42999267578125,186010300
2023-02-08,AAPL,149.97727966308594,152.60326780122008,149.23687049310803,151.91222225530666,64120100
2023-02-08,MSFT,261.4182434082031,271.2485008005916,260.90857975282876,267.75939845000244,54686000
2023-02-08,TSLA,201.2899932861328,203.0,194.30999755859375,196.10000610351562,180673600
2023-02-09,AAPL,148.940673828125,152.35643407265164,148.49643142830433,151.81346444457745,56007100
2023-02-09,MSFT,258.37017822265625,268.5238812652101,257.56650079899157,268.3474431140304,42375100
2023-02-09,TSLA,207.32000732421875,214.0,204.77000427246094,207.77999877929688,215431400
2023-02-10,AAPL,149.3065185546875,149.63279778324025,147.5367173791987,147.77401547814478,57450700
2023-02-10,MSFT,257.860595703125,258.8308711332053,255.46918381235315,256.3218537248294,25818500
2023-02-10,TSLA,196.88999938964844,206.1999969482422,192.88999938964844,202.22999572753906,204754100
2023-02-13,AAPL,152.11448669433594,152.5198501850578,149.21753098880535,149.24719136406156,62199000
2023-02-13,MSFT,265.9168701171875,269.1315501475347,261.82989942164016,262.31016177286494,44630900
2023-02-13,TSLA,194.63999938964844,196.3000030517578,187.61000061035156,194.4199981689453,172475500
2023-02-14,AAPL,151.4718017578125,152.03537903023067,149.15820209418638,150.40398304690967,61707600
2023-02-14,MSFT,266.7499694824219,269.4941978010345,263.91750711977755,267.24001239002024,37047900
2023-02-14,TSLA,209.25,209.82000732421875,189.44000244140625,191.94000244140625,216455700
2023-02-15,AAPL,153.57778930664062,153.74586979762776,151.15542974516777,151.38283098748437,65573800
2023-02-15,MSFT,264.61785888671875,266.0032448214542,261.53266680835156,263.63531822248893,28922400
2023-02-15,TSLA,214.24000549316406,214.66000366210938,206.11000061035156,211.75999450683594,181006400
2023-02-16,AAPL,151.97605895996094,154.5664988468429,151.6201193880744,151.77830301928833,68167900
2023-02-16,MSFT,257.572998046875,262.08285555326694,257.3273629104609,259.41034406969123,29603600
2023-02-16,TSLA,202.0399932861328,217.64999389648438,201.83999633789062,210.77999877929688,229586500
2023-02-17,AAPL,150.82916259765625,151.27408335489702,149.14834246660095,150.6314217151784,59144100
2023-02-17,MSFT,253.55442810058594,255.54898434486645,251.53039683731646,254.86122390687038,30000100
2023-02-17,TSLA,208.30999755859375,208.44000244140625,197.5,199.99000549316406,213738500
2023-02-21,AAPL,146.80502319335938,149.5932185903814,146.73582069413777,148.50562143126123,58867200
2023-02-21,MSFT,248.25852966308594,251.02930132977812,247.1973840242919,250.03692573640924,28397400
2023-02-21,TSLA,197.3699951171875,209.7100067138672,197.22000122070312,204.99000549316406,180018600
2023-02-22,AAPL,147.23020935058594,148.2584708875877,145.4999504020457,147.19065212608928,51011300
2023-02-22,MSFT,247.1187744140625,249.89936603806962,245.96920374136064,249.65373089452532,22491100
2023-02-22,TSLA,200.86000061035156,201.99000549316406,191.77999877929688,197.92999267578125,191828500
2023-02-23,AAPL,147.7146759033203,148.64407457569817,145.57905341345287,148.39689471971093,48394200
2023-02-23,MSFT,250.32186889648438,252.35572011024465,246.1067613934901,251.0980693615476,29219100
2023-02-23,TSLA,202.07000732421875,205.13999938964844,196.3300018310547,203.91000366210938,146360000
2023-02-24,AAPL,145.05502319335938,145.5296042594395,144.07618560082526,145.45050490064946,55469600
2023-02-24,MSFT,244.86874389648438,246.61766478200235,243.76830333724922,245.59582926162372,24990900
2023-02-24,TSLA,196.8800048828125,197.6699981689453,192.8000030517578,196.3300018310547,142228100
2023-02-27,AAPL,146.25137329101562,147.48727255329774,145.7866739614647,146.04375066348234,44998500
2023-02-27,MSFT,245.7923583984375,248.40591997457756,245.03579794379073,248.05220476132266,21190000
2023-02-27,TSLA,207.6300048828125,209.4199981689453,201.25999450683594,202.02999877929688,161028300
2023-02-28,AAPL,145.74713134765625,147.3982909462784,145.17367228142913,145.39119175781394,50547000
2023-02-28,MSFT,245.06529235839844,247.09915874368357,244.38733689663675,244.72141211898165,22491000
2023-02-28,TSLA,205.7100067138672,211.22999572753906,203.75,210.58999633789062,153144900
2023-03-01,AAPL,143.6708221435547,145.56916169404062,143.37420328858403,145.1736799451875,55479000
2023-03-01,MSFT,241.9702911376953,246.54891919262562,241.49866082910683,246.38188908047658,27565300
2023-03-01,TSLA,202.77000427246094,207.1999969482422,198.52000427246094,206.2100067138672,156852800
2023-03-02,AAPL,144.26405334472656,145.05503189340783,142.27671766674902,142.75131384795435,52238100
2023-03-02,MSFT,246.72576904296875,247.01069921844766,241.3217957785109,242.24538633521718,24808200
2023-03-02,TSLA,190.89999389648438,193.75,186.00999450683594,186.74000549316406,181500700
2023-03-03,AAPL,149.32626342773438,149.40536277617727,145.66800531053465,146.3699875121459,70732300
2023-03-03,MSFT,250.832763671875,251.1570038437467,247.00086162680662,247.78689704415822,30760100
2023-03-03,TSLA,197.7899932861328,200.47999572753906,192.8800048828125,194.8000030517578,154193300
2023-03-06,AAPL,152.09469604492188,154.53683399214765,151.72887472127306,152.0551388232703,87558000
2023-03-06,MSFT,252.3852081298828,255.57846519382255,251.5107475643761,251.9528878516763,24109800
2023-03-06,TSLA,193.80999755859375,198.60000610351562,192.3000030517578,198.5399932861328,128100100
2023-03-07,AAPL,149.88987731933594,152.29245838395036,149.4251779626418,151.96617914925054,56182000
2023-03-07,MSFT,249.71267700195312,253.19087897555727,248.96595157458177,251.8251332062513,21473200
2023-03-07,TSLA,187.7100067138672,194.1999969482422,186.10000610351562,191.3800048828125,148125800
2023-03-08,AAPL,151.14552307128906,151.73876071934626,150.11726157953802,151.08620232381537,47204800
2023-03-08,MSFT,249.2705535888672,250.0958841157782,246.4310117820294,249.60461380322926,17340200
2023-03-08,TSLA,182.0,186.5,180.0,185.0399932861328,151897800
2023-03-09,AAPL,148.8912353515625,152.7966735583546,148.5352958010874,151.82773287131755,53833600
2023-03-09,MSFT,247.91464233398438,255.02822642305847,247.18755691928234,251.3535343083889,26653400
2023-03-09,TSLA,172.9199981689453,185.17999267578125,172.50999450683594,180.25,170023800
2023-03-10,AAPL,146.82484436035156,149.23732233138423,145.94488461714658,148.5155613274809,68572400
2023-03-10,MSFT,244.24974060058594,248.37640772413764,243.2770350955159,246.69627185590122,28333900
2023-03-10,TSLA,173.44000244140625,178.2899932861328,168.44000244140625,175.1300048828125,191488900
2023-03-13,AAPL,148.77261352539062,151.4124925875259,146.03385648579933,146.1426162263365,84457100
2023-03-13,MSFT,249.48670959472656,253.4070520212103,241.43969960963778,243.08054062729633,33339700
2023-03-13,TSLA,174.47999572753906,177.35000610351562,163.91000366210938,167.4600067138672,167790300
2023-03-14,AAPL,150.86866760253906,151.66952778576984,148.4067663113716,149.57344779147112,73695900
2023-03-14,MSFT,256.2367858886719,256.51189607276245,251.39285266205692,252.2673132455693,33620300
2023-03-14,TSLA,183.25999450683594,183.8000030517578,177.13999938964844,177.30999755859375,143717900
2023-03-15,AAPL,151.26419067382812,151.5212522938301,148.2288147892157,149.48449268664993,77167900
2023-03-15,MSFT,260.8055419921875,261.82739246589193,254.68430413443372,255.4408794785609,46028000
2023-03-15,TSLA,180.4499969482422,182.33999633789062,176.02999877929688,180.8000030517578,145995600
2023-03-16,AAPL,154.09193420410156,154.69505367945354,149.9294186304983,150.4435569750594,76161100
2023-03-16,MSFT,271.377685546875,271.73138571783875,258.6832496805038,260.57954556148786,54768800
2023-03-16,TSLA,184.1300048828125,185.80999755859375,178.83999633789062,180.3699951171875,121136800
2023-03-17,AAPL,153.2515106201172,154.97188784795392,152.53963142836827,154.31932940774055,98944600
2023-03-17,MSFT,274.55133056640625,278.38323315935025,271.49564349381546,273.4017747809038,69527400
2023-03-17,TSLA,180.1300048828125,186.22000122070312,177.3300018310547,184.52000427246094,133197100
2023-03-20,AAPL,155.6244354248047,156.03971087014546,152.4110972116962,153.3207323821306,73641400
2023-03-20,MSFT,267.47705078125,272.6353891713259,265.13859924685386,272.1441188484615,43466600
2023-03-20,TSLA,183.25,186.44000244140625,176.35000610351562,178.0800018310547,129684400
2023-03-21,AAPL,157.48321533203125,157.60185682514813,154.7741189081368,155.54533387337614,73938300
2023-03-21,MSFT,268.9999694824219,270.19867023704575,264.814336850172,270.08077016032206,34558700
2023-03-21,TSLA,197.5800018310547,198.0,188.0399932861328,188.27999877929688,153391400
2023-03-22,AAPL,156.04957580566406,160.31095376257457,156.02979719452793,157.50299444764113,75701800
2023-03-22,MSFT,267.5359802246094,276.133210212867,267.42788516982534,268.62658586472133,34873300
2023-03-22,TSLA,191.14999389648438,200.66000366210938,190.9499969482422,199.3000030517578,150376400
2023-03-23,AAPL,157.1371612548828,159.72761624709545,155.9012620500719,157.03829837049406,67622100
2023-03-23,MSFT,272.812255859375,276.15288826078046,270.395214119826,273.08736605749635,36610900
2023-03-23,TSLA,192.22000122070312,199.30999755859375,188.64999389648438,195.25999450683594,144193900
2023-03-24,AAPL,158.44229125976562,158.53127238912836,156.06937062345713,157.06797183296018,59196500
2023-03-24,MSFT,275.6714172363281,275.7303672722425,270.47376918164593,272.39954031928613,28172000
2023-03-24,TSLA,190.41000366210938,192.36000061035156,187.14999389648438,191.64999389648438,116312400
2023-03-27,AAPL,156.49449157714844,158.9564080964957,156.08911303822106,158.13576925671327,52390300
2023-03-27,MSFT,271.5545959472656,276.5458893718172,270.7095953765777,275.6026587216582,26840200
2023-03-27,TSLA,191.80999755859375,197.38999938964844,189.94000244140625,194.4199981689453,120851600
2023-03-28,AAPL,155.87159729003906,156.70213299816345,154.22043780927265,156.1879947191645,45992200
2023-03-28,MSFT,270.4246826171875,271.31879823570057,267.30018046098104,270.9749030001552,21878600
2023-03-28,TSLA,189.19000244140625,192.35000610351562,185.42999267578125,192.0,98654600
2023-03-29,AAPL,158.95640563964844,159.2332458359396,157.55242604798346,157.57218957153339,51305700
2023-03-29,MSFT,275.61248779296875,276.2314932010779,273.54914642752533,274.08953179203525,25087000
2023-03-29,TSLA,193.8800048828125,195.2899932861328,189.44000244140625,193.1300048828125,123660000
2023-03-30,AAPL,160.52847290039062,160.63723263142947,159.45077243888025,159.70783403649028,49501700
2023-03-30,MSFT,279.09063720703125,279.4934824393244,276.56553072790194,279.26751729823314,25053400
2023-03-30,TSLA,195.27999877929688,197.3300018310547,194.4199981689453,195.5800018310547,110252200
2023-03-31,AAPL,163.0398406982422,163.1387186836245,160.0835790272574,160.60759915912635,68749800
2023-03-31,MSFT,283.2664794921875,284.2195451964046,278.0590256349784,278.77629115992977,32766000
2023-03-31,TSLA,207.4600067138672,207.7899932861328,197.1999969482422,197.52999877929688,170222100
2023-04-03,AAPL,164.2955322265625,164.4141737494616,162.36753204613345,162.41697104289597,56976200
2023-04-03,MSFT,282.21514892578125,283.23696956652316,278.99241693897744,281.5175235068159,24883300
2023-04-03,TSLA,194.77000427246094,202.69000244140625,192.1999969482422,199.91000366210938,169545900
2023-04-04,AAPL,163.76156616210938,164.95790794732252,163.24742795309683,164.72062499443805,46278300
2023-04-04,MSFT,282.1659851074219,285.37891186376925,280.6823692815174,282.2151301252811,25824300
2023-04-04,TSLA,192.5800018310547,198.74000549316406,190.32000732421875,197.32000732421875,126463800
2023-04-05,AAPL,161.91268920898438,163.1881457283857,159.9748075653386,162.88164511746857,51511700
2023-04-05,MSFT,279.3755798339844,282.1365164147506,277.98038902724386,280.8592256779027,22064800
2023-04-05,TSLA,185.52000427246094,190.67999267578125,183.75999450683594,190.52000427246094,133882500
2023-04-06,AAPL,162.8025360107422,163.09915484076092,160.17253885078875,160.5976809407093,45390100
2023-04-06,MSFT,286.5087890625,286.98038926825035,277.1058701585552,278.26526064402964,29770300
2023-04-06,TSLA,185.05999755859375,186.38999938964844,179.74000549316406,183.0800018310547,123857900
2023-04-10,AAPL,160.20217895507812,160.20217895507812,158.27417943389275,159.59905960879362,47716900
2023-04-10,MSFT,284.33740234375,284.54372744768915,279.7390901341014,284.1605222699036,23103000
2023-04-10,TSLA,184.50999450683594,185.10000610351562,176.11000061035156,179.94000244140625,142154600
2023-04-11,AAPL,158.98606872558594,160.52846844172586,158.69933167596588,160.51858667978223,47644200
2023-04-11,MSFT,277.8919677734375,280.98699490817353,276.72277194835743,280.76099975689954,27276600
2023-04-11,TSLA,186.7899932861328,189.19000244140625,185.64999389648438,186.69000244140625,115770900
2023-04-12,AAPL,158.29397583007812,160.23185733032426,157.97757839276272,159.40133668736163,50133100
2023-04-12,MSFT,278.5404052734375,281.9989671295164,277.037119461826,279.8177259533784,27403400
2023-04-12,TSLA,180.5399932861328,191.5800018310547,180.30999755859375,190.74000549316406,150256300
2023-04-13,AAPL,163.6923828125,163.92968090167284,159.59908506589906,159.8067227797579,68445600
2023-04-13,MSFT,284.779541015625,284.83849104810594,278.22601253185434,278.6386627592207,24222700
2023-04-13,TSLA,185.89999389648438,186.5,180.94000244140625,182.9600067138672,112933000
2023-04-14,AAPL,163.34632873535156,164.44380780578675,161.97200945675792,162.7333124858637,49386500
2023-04-14,MSFT,281.1441650390625,283.4433063088322,278.7369287176148,281.98913551237405,20987900
2023-04-14,TSLA,185.0,186.27999877929688,182.00999450683594,183.9499969482422,96438700
2023-04-17,AAPL,163.36610412597656,163.52430285260365,162.17964384959518,163.22768401184308,41516200
2023-04-17,MSFT,283.7577209472656,286.5088526923991,281.16382928530817,284.86799665280347,23836200
2023-04-17,TSLA,187.0399932861328,189.69000244140625,182.69000244140625,186.32000732421875,116662200
2023-04-18,AAPL,164.5921173095703,165.52151594579726,163.78136017187086,164.22629596467013,49923000
2023-04-18,MSFT,283.335205078125,286.6660318350577,281.99896436302697,286.47934673739593,20161800
2023-04-18,TSLA,184.30999755859375,187.69000244140625,183.5800018310547,187.14999389648438,92067000
2023-04-19,AAPL,165.73902893066406,166.26304897753164,163.67259403000486,163.92967071563345,47720200
2023-04-19,MSFT,283.41387939453125,284.00337983189127,279.5721416256665,280.99680766230375,17150300
2023-04-19,TSLA,180.58999633789062,183.5,177.64999389648438,179.10000610351562,125732700
2023-04-20,AAPL,164.77008056640625,165.9763194310247,163.69238005042013,164.21640012100644,52456400
2023-04-20,MSFT,281.1146545410156,283.9836860604295,280.1026390020825,280.26968408422516,23244400
2023-04-20,TSLA,162.99000549316406,169.6999969482422,160.55999755859375,166.1699981689453,210970800
2023-04-21,AAPL,163.1584930419922,164.57235465877127,162.63447292379246,163.1881534195007,58337300
2023-04-21,MSFT,280.7707824707031,281.271857735347,278.11791113062174,280.03387709676457,21676400
2023-04-21,TSLA,165.0800018310547,166.0,161.32000732421875,164.8000030517578,123539000
2023-04-24,AAPL,163.46498107910156,163.73193954278202,162.04122272168698,163.13870186497232,41949600
2023-04-24,MSFT,276.8504333496094,279.9749350122071,273.85369673777154,277.1648535144223,26611000
2023-04-24,TSLA,162.5500030517578,165.64999389648438,158.61000061035156,164.64999389648438,140006600
2023-04-25,AAPL,161.92257690429688,164.43391748853472,161.88301968061162,163.32655661191464,48714100
2023-04-25,MSFT,270.61138916015625,276.6834838571945,270.56224413132526,274.6299772681223,45772200
2023-04-25,TSLA,160.6699981689453,163.47000122070312,158.75,159.82000732421875,121999300
2023-04-26,AAPL,161.91268920898438,163.41554697412082,160.96352700012233,161.22058862196803,45498800
2023-04-26,MSFT,290.2130126953125,294.3396952159119,287.6191210991788,291.5198084868981,64599200
2023-04-26,TSLA,153.75,160.6699981689453,153.13999938964844,160.2899932861328,153364100
2023-04-27,AAPL,166.51022338867188,166.65852525119462,163.32654598880194,163.32654598880194,64902300
2023-04-27,MSFT,299.5079040527344,299.87146934222784,290.09517621917394,290.8026068068044,46462600
2023-04-27,TSLA,160.19000244140625,160.47999572753906,152.3699951171875,152.63999938964844,127015200
2023-04-28,AAPL,167.76589965820312,167.93399523157063,165.98621681699632,166.58933625125528,55209200
2023-04-28,MSFT,301.8954772949219,303.53630353885956,298.0144293789497,298.70221989068983,36446700
2023-04-28,TSLA,164.30999755859375,165.0,157.32000732421875,160.89999389648438,122515800
2023-05-01,AAPL,167.67689514160156,168.52719430592447,166.73761486496383,167.37039458585585,52472900
2023-05-01,MSFT,300.22509765625,303.21202941946285,299.82225241970167,301.6104834742064,21294100
2023-05-01,TSLA,161.8300018310547,163.27999877929688,158.8300018310547,163.1699981689453,109015000
2023-05-02,AAPL,166.63876342773438,168.42835824019505,165.65004401355455,168.17128153704527,48425700
2023-05-02,MSFT,300.0777282714844,303.7818955393081,298.60391737135024,302.3867046786464,26404400
2023-05-02,TSLA,160.30999755859375,165.49000549316406,158.92999267578125,161.8800048828125,128259700
2023-05-03,AAPL,165.56106567382812,168.9919233057137,165.27434367702065,167.58794352434566,65136000
2023-05-03,MSFT,299.0853576660156,303.2218452657529,298.78077247368105,301.26659903403873,22360800
2023-05-03,TSLA,160.61000061035156,165.0,159.91000366210938,160.00999450683594,119728000
2023-05-04,AAPL,163.91978454589844,165.15568380990734,162.45648404157697,163.0299431104764,81235400
2023-05-04,MSFT,300.0777282714844,302.3867046786464,298.1028120701816,300.8932237762644,22519900
2023-05-04,TSLA,161.1999969482422,162.9499969482422,159.64999389648438,162.7100067138672,95108500
2023-05-05,AAPL,171.61203002929688,172.33379095243657,168.8337158986843,169.05123536921852,113316400
2023-05-05,MSFT,305.2262268066406,306.52318757549443,298.9576130752729,300.38230891776885,28181200
2023-05-05,TSLA,170.05999755859375,170.7899932861328,163.50999450683594,163.97000122070312,107440900
2023-05-08,AAPL,171.54283142089844,171.88888927687347,170.16851193401882,170.53433331738626,55962800
2023-05-08,MSFT,303.2611389160156,304.7840947802389,300.7458374723301,304.71530974445443,21318600
2023-05-08,TSLA,171.7899932861328,173.8000030517578,169.19000244140625,173.72000122070312,112249400
2023-05-09,AAPL,169.8323516845703,171.58237432630546,169.6642711810136,171.09791142977792,45326900
2023-05-09,MSFT,301.6399841308594,304.6269161479535,300.9620286732827,302.62252479578075,21340800
2023-05-09,TSLA,169.14999389648438,169.82000732421875,166.55999755859375,168.9499969482422,88965000
2023-05-10,AAPL,171.6021270751953,172.0668263741992,169.96084934197563,171.06822526711633,53724500
2023-05-10,MSFT,306.8572692871094,307.53522473722796,302.29829624410297,303.23169187465317,30078000
2023-05-10,TSLA,168.5399932861328,174.42999267578125,166.67999267578125,172.5500030517578,119840700
2023-05-11,AAPL,171.7899627685547,172.62048328430694,170.22778460607333,171.8888407242357,49514700
2023-05-11,MSFT,304.6956787109375,305.68805440207467,300.9129210456276,304.6858736936846,31680200
2023-05-11,TSLA,172.0800018310547,173.57000732421875,166.7899932861328,168.6999969482422,103889900
2023-05-12,AAPL,170.8593292236328,172.3345492571858,169.3048853057611,171.89890853860956,45497800
2023-05-12,MSFT,303.5755310058594,305.22619180341667,301.2469148834561,305.1279317592097,19758100
2023-05-12,TSLA,167.97999572753906,177.3800048828125,167.22999572753906,176.07000732421875,157577100
2023-05-15,AAPL,170.36427307128906,171.49297161869612,169.77021484316816,171.44346424843133,37266700
2023-05-15,MSFT,304.0570068359375,304.48932710036144,302.2196607045156,303.7033066112777,16336500
2023-05-15,TSLA,166.35000610351562,169.75999450683594,164.5500030517578,167.66000366210938,105592500
2023-05-16,AAPL,170.36427307128906,171.42365827881974,170.09694535788182,170.28506430037106,42110300
2023-05-16,MSFT,306.29718017578125,308.2327862505442,304.4205241349901,304.4205241349901,26730300
2023-05-16,TSLA,166.52000427246094,169.52000427246094,164.35000610351562,165.64999389648438,98288800
2023-05-17,AAPL,170.97811889648438,171.21573009717264,168.7306172756303,170.00783790944186,57951600
2023-05-17,MSFT,309.1921691894531,309.61557800525054,305.9820752690315,307.5083603764243,24315000
2023-05-17,TSLA,173.86000061035156,174.5,167.19000244140625,168.41000366210938,125473600
2023-05-18,AAPL,173.31472778320312,173.50284672542747,170.86921174934298,171.2850464654308,65496700
2023-05-18,MSFT,313.6429138183594,314.1549709785042,308.91642188816326,309.7140170257551,27276000
2023-05-18,TSLA,176.88999938964844,177.05999755859375,172.4499969482422,174.22000122070312,109520300
2023-05-19,AAPL,173.4236297607422,174.6414324508558,173.20580942819797,174.6414324508558,55772400
2023-05-19,MSFT,313.46575927734375,313.8694852016011,311.5259215707128,311.8902515376422,27529500
2023-05-19,TSLA,180.13999938964844,181.9499969482422,176.30999755859375,177.1699981689453,136024200
2023-05-22,AAPL,172.47315979003906,172.97811385055638,171.73059450812943,172.25533943207657,43570900
2023-05-22,MSFT,316.26226806640625,317.65068255774975,313.1408221240689,313.72178477500375,24115700
2023-05-22,TSLA,188.8699951171875,189.32000732421875,180.11000061035156,180.6999969482422,132001400
2023-05-23,AAPL,169.85931396484375,171.66127945739515,169.5820908286863,171.41375772100255,50747300
2023-05-23,MSFT,310.43292236328125,317.7786905434151,310.4230658616671,315.12987593584427,30797200
2023-05-23,TSLA,185.77000427246094,192.9600067138672,185.25999450683594,186.1999969482422,156952100
2023-05-24,AAPL,170.1365509033203,170.71080319124064,168.82964388505917,169.393985633902,45143500
2023-05-24,MSFT,309.0444641113281,311.65388239302536,307.82343004625983,309.9109947219232,23384900
2023-05-24,TSLA,182.89999389648438,184.22000122070312,178.22000122070312,182.22999572753906,137605100
2023-05-25,AAPL,171.27517700195312,172.17614480297772,169.98806071937864,170.70092465718818,56058300
2023-05-25,MSFT,320.9297180175781,321.8946936022039,315.10034835094876,318.29072976190264,43301700
2023-05-25,TSLA,184.47000122070312,186.77999877929688,180.5800018310547,186.5399932861328,96870700
2023-05-26,AAPL,173.69094848632812,174.0275895351184,171.39395459047836,171.60187949980389,54835000
2023-05-26,MSFT,327.7929382324219,328.29510888578733,318.9208860691988,319.05872682002087,36630600
2023-05-26,TSLA,193.1699981689453,198.60000610351562,184.52999877929688,184.6199951171875,162061500
2023-05-30,AAPL,175.54241943359375,177.21566879798618,174.81966018947244,175.20579349606086,55964400
2023-05-30,MSFT,326.138671875,330.59930960813324,325.45923440138364,330.0971389039491,29503100
2023-05-30,TSLA,201.16000366210938,204.47999572753906,197.52999877929688,200.10000610351562,128818700
2023-05-31,AAPL,175.492919921875,177.57210865507508,175.00777185545402,175.57212869440465,99625300
2023-05-31,MSFT,323.36187744140625,330.79626374577583,322.3180799641337,327.2021566585661,45950600
2023-05-31,TSLA,203.92999267578125,203.9499969482422,195.1199951171875,199.77999877929688,150711700
2023-06-01,AAPL,178.3047637939453,178.33446519527467,175.17608525533697,175.9384564736909,68901800
2023-06-01,MSFT,327.4877014160156,328.42316754915356,319.74806391564715,320.9395286349785,26773900
2023-06-01,TSLA,207.52000427246094,209.8000030517578,199.3699951171875,202.58999633789062,148029900
2023-06-02,AAPL,179.15621948242188,179.97799341291704,177.48297022337377,179.2354282464183,61945900
2023-06-02,MSFT,330.2644958496094,332.3323475779333,327.4581277933345,329.1321101568125,25864000
2023-06-02,TSLA,213.97000122070312,217.25,209.75,210.14999389648438,164129000
2023-06-05,AAPL,177.79981994628906,183.1165821425977,176.275077551752,180.8195882273271,121946500
2023-06-05,MSFT,330.7962341308594,333.3761130137204,329.535834140366,330.08725725806266,21307100
2023-06-05,TSLA,217.61000061035156,221.2899932861328,214.52000427246094,217.8000030517578,151143100
2023-06-06,AAPL,177.43348693847656,178.33445457100666,175.6711182885981,178.18594757320713,64848400
2023-06-06,MSFT,328.5708923339844,330.235018509985,327.0840329482656,330.19562255099885,20396200
2023-06-06,TSLA,221.30999755859375,221.91000366210938,212.52999877929688,216.13999938964844,146911600
2023-06-07,AAPL,176.05728149414062,179.41367589423808,175.56223798316736,176.67113061333816,61944600
2023-06-07,MSFT,318.42852783203125,329.36840112758483,317.5619972640064,326.5718897809709,40717100
2023-06-07,TSLA,224.57000732421875,230.8300018310547,223.1999969482422,228.0,185710800
2023-06-08,AAPL,178.78001403808594,179.04732664647344,175.70084291207064,176.1364684949153,50214900
2023-06-08,MSFT,320.2797546386719,321.63862942191327,318.3989962118977,318.97995875467535,23277700
2023-06-08,TSLA,234.86000061035156,235.22999572753906,223.00999450683594,224.22000122070312,164489700
2023-06-09,AAPL,179.16615295410156,180.42355258623877,178.83942242611607,179.70079329510486,48870700
2023-06-09,MSFT,321.7863464355469,324.9373314399376,319.44278312053285,320.0138891984146,22514900
2023-06-09,TSLA,244.39999389648438,252.4199981689453,242.02000427246094,249.07000732421875,199882300
2023-06-12,AAPL,181.9680938720703,182.06710862095264,179.17605622243772,179.47308536155512,54274900
2023-06-12,MSFT,326.7688903808594,327.01506251011267,320.18132179801705,323.54893969802896,24260300
2023-06-12,TSLA,249.8300018310547,250.97000122070312,244.58999633789062,247.94000244140625,150337900
2023-06-13,AAPL,181.49282836914062,182.32449774459167,180.63145759510397,180.98788948565831,54929100
2023-06-13,MSFT,329.1714782714844,331.82029234775854,325.3311997009598,329.3487149631308,22951300
2023-06-13,TSLA,258.7099914550781,259.67999267578125,251.33999633789062,253.50999450683594,162384300
2023-06-14,AAPL,182.12648010253906,182.56212075064622,180.21561965950994,181.5522278943548,57462900
2023-06-14,MSFT,332.1748046875,333.8487871057347,327.71416712277926,329.2207392790675,26003800
2023-06-14,TSLA,256.7900085449219,261.57000732421875,250.5,260.1700134277344,170575500
2023-06-15,AAPL,184.16607666015625,184.67103069686027,181.95818688950908,182.13641040467775,65433200
2023-06-15,MSFT,342.77008056640625,344.4834289788281,332.0369816851605,332.3126932693469,38899100
2023-06-15,TSLA,255.89999389648438,258.95001220703125,247.2899932861328,248.39999389648438,160171200
2023-06-16,AAPL,183.08689880371094,185.1363862861082,182.44334825251562,184.87895397960628,101235600
2023-06-16,MSFT,337.0884094238281,346.088476963345,336.71425302671787,345.94077969470817,46533600
2023-06-16,TSLA,260.5400085449219,263.6000061035156,257.2099914550781,258.9200134277344,167563700
2023-06-20,AAPL,183.1759796142578,184.2551858622496,182.58193651385486,182.58193651385486,49799100
2023-06-20,MSFT,332.8739318847656,336.842225295789,330.7174616885454,334.1146489977438,26375400
2023-06-20,TSLA,274.45001220703125,274.75,261.1199951171875,261.5,165611200
2023-06-21,AAPL,182.13641357421875,183.57203672168455,180.77998409317422,183.0670826761933,49515700
2023-06-21,MSFT,328.4527282714844,332.55889297136713,326.98555186795784,331.2197008440699,25117800
2023-06-21,TSLA,259.4599914550781,276.989990234375,257.7799987792969,275.1300048828125,211797100
2023-06-22,AAPL,185.14625549316406,185.1957628610581,181.84926421078353,181.91857754734076,51245300
2023-06-22,MSFT,334.5085144042969,334.9122402862619,328.23605360829237,329.0041094190213,23556800
2023-06-22,TSLA,264.6099853515625,265.0,248.25,250.77000427246094,166875900
2023-06-23,AAPL,184.8294219970703,185.70070333532985,183.17597862652977,183.71063403229002,53079300
2023-06-23,MSFT,329.89031982421875,332.78530632497916,328.34438176725655,329.2404218291187,23084700
2023-06-23,TSLA,256.6000061035156,262.45001220703125,252.8000030517578,259.2900085449219,176584100
2023-06-26,AAPL,183.43341064453125,186.18585111473345,183.39379870692287,184.97794384564872,48088700
2023-06-26,MSFT,323.5686340332031,330.96362393512885,323.460302676421,328.61023414140016,21520600
2023-06-26,TSLA,241.0500030517578,258.3699951171875,240.6999969482422,250.07000732421875,179990600
2023-06-27,AAPL,186.1957550048828,186.52248552112178,183.8294477274505,184.04726807160984,50730800
2023-06-27,MSFT,329.4472351074219,331.0030296985232,324.2579075361374,326.7787076649522,24354100
2023-06-27,TSLA,250.2100067138672,250.38999938964844,240.85000610351562,243.24000549316406,164968200
2023-06-28,AAPL,187.37396240234375,188.01751290126907,185.7403249158235,186.06704032710473,51216800
2023-06-28,MSFT,330.7076721191406,332.8050636439162,328.6988989622739,329.5358902818276,20259500
2023-06-28,TSLA,256.239990234375,259.8800048828125,248.88999938964844,249.6999969482422,159770800
2023-06-29,AAPL,187.71058654785156,188.18583917474905,187.06703605511274,187.2056476277424,46347300
2023-06-29,MSFT,329.9198303222656,330.96359760301345,327.52704476641753,329.58503987846956,16997000
2023-06-29,TSLA,257.5,260.739990234375,253.61000061035156,258.0299987792969,131283400
2023-06-30,AAPL,192.0471649169922,192.55210381756805,189.36402266288647,189.73036510372253,85069600
2023-06-30,MSFT,335.3258361816406,337.48230643910676,332.0369801390501,332.5785468035808,26823800
2023-06-30,TSLA,261.7699890136719,264.45001220703125,259.8900146484375,260.6000061035156,112267600
2023-07-03,AAPL,190.5521697998047,191.95809166806356,189.85909674419335,191.85907691511048,31458200
2023-07-03,MSFT,332.8148498535156,335.68029693733763,331.41660903960724,333.9964880500449,12508700
2023-07-03,TSLA,279.82000732421875,284.25,275.1099853515625,276.489990234375,119685900
2023-07-05,AAPL,189.43336486816406,191.06700252473485,188.7303963864849,189.6709912086324,46920300
2023-07-05,MSFT,332.972412109375,336.41882187846574,329.6047942488933,329.9592676867089,18172400
2023-07-05,TSLA,282.4800109863281,283.8500061035156,277.6000061035156,278.82000732421875,131530900
2023-07-06,AAPL,189.9085693359375,190.11649423604223,187.32444187549908,187.95809689875657,45094300
2023-07-06,MSFT,336.0445861816406,337.73825136478087,330.3629451560821,332.13537218597827,28161200
2023-07-06,TSLA,276.5400085449219,279.9700012207031,272.8800048828125,278.0899963378906,120332100
2023-07-07,AAPL,188.78976440429688,190.76004279032819,188.35413885501103,189.5125387247038,46778000
2023-07-07,MSFT,332.056640625,336.5566740578288,331.84000796378285,334.1244923820167,21185300
2023-07-07,TSLA,274.42999267578125,280.7799987792969,273.7699890136719,278.42999267578125,113602000
2023-07-10,AAPL,186.7403106689453,188.10663557063202,185.18586681905202,187.38386117936162,59922200
2023-07-10,MSFT,326.74920654296875,330.09717183988954,322.57413647427785,329.47681321075055,32791400
2023-07-10,TSLA,269.6099853515625,277.5199890136719,265.1000061035156,276.4700012207031,119425400
2023-07-11,AAPL,186.2155303955078,187.42343752111742,184.75020613613052,187.28482597100776,46638100
2023-07-11,MSFT,327.37939453125,327.7634074291619,321.9931471069892,325.99098010741216,26698200
2023-07-11,TSLA,269.7900085449219,270.8999938964844,266.3699951171875,268.6499938964844,91972400
2023-07-12,AAPL,187.88880920410156,189.7996698114742,186.60169311695756,187.79968989475896,60750200
2023-07-12,MSFT,332.0369567871094,336.4188023518634,330.53038466322164,331.4461377080676,29995300
2023-07-12,TSLA,271.989990234375,276.5199890136719,271.4599914550781,276.3299865722656,95672100
2023-07-13,AAPL,188.6511688232422,189.29473443261006,187.89870814797314,188.61157199087162,41342300
2023-07-13,MSFT,337.41339111328125,338.47684155339823,333.82911027190704,334.3608505171208,20567200
2023-07-13,TSLA,277.8999938964844,279.45001220703125,270.6000061035156,274.5899963378906,112681500
2023-07-14,AAPL,188.79966735839844,189.28480025511277,187.75017769506536,188.34422075160825,41573900
2023-07-14,MSFT,339.9538269042969,346.0490507428633,339.03807386853134,342.2678507449193,28302200
2023-07-14,TSLA,281.3800048828125,285.29998779296875,276.30999755859375,277.010009765625,119771100
2023-07-17,AAPL,192.06698608398438,192.39371661286773,189.90858852856573,189.99769273438966,50520200
2023-07-17,MSFT,340.4363708496094,341.67705794335393,336.96042159632077,340.3871183937117,20363900
2023-07-17,TSLA,290.3800048828125,292.2300109863281,283.57000732421875,286.6300048828125,131569600
2023-07-18,AAPL,191.80955505371094,192.4036133115075,190.51254346863507,191.43333225746687,48353800
2023-07-18,MSFT,353.98565673828125,361.1640442664553,336.9308748774754,340.5348083176435,64872700
2023-07-18,TSLA,293.3399963378906,295.260009765625,286.010009765625,290.1499938964844,112434700
2023-07-19,AAPL,193.1659698486328,196.26493172677777,190.74024473686075,191.18579595006162,80507300
2023-07-19,MSFT,349.6431884765625,356.9101946041354,347.04362639492615,356.21107416498864,39732900
2023-07-19,TSLA,291.260009765625,299.2900085449219,289.5199890136719,296.0400085449219,142355400
2023-07-20,AAPL,191.2154998779297,194.52238670645607,190.5917402572243,193.1560618639693,59581200
2023-07-20,MSFT,341.5588684082031,352.488915911332,340.0818357740048,348.15629286107804,33778400
2023-07-20,TSLA,262.8999938964844,280.92999267578125,261.20001220703125,279.55999755859375,175158300
2023-07-21,AAPL,190.0373077392578,193.03727024392953,189.33433929774543,192.17589935868594,71917800
2023-07-21,MSFT,338.5063781738281,344.9363933202969,334.6267028122205,343.80400747725736,69368900
2023-07-21,TSLA,260.0199890136719,268.0,255.8000030517578,268.0,161050100
2023-07-24,AAPL,190.8392791748047,192.97787083183135,190.3442356490594,191.49274025459553,45377800
2023-07-24,MSFT,339.82586669921875,341.6081807029948,337.0687506525082,340.55455669395104,26678100
2023-07-24,TSLA,269.05999755859375,269.8500061035156,254.1199951171875,255.85000610351562,136508500
2023-07-25,AAPL,191.70066833496094,192.51254704612998,191.00761035440865,191.41354970999316,37283200
2023-07-25,MSFT,345.60595703125,346.5020271113136,339.78644478620345,341.79518755329605,41637700
2023-07-25,TSLA,265.2799987792969,272.8999938964844,265.0,272.3800048828125,112757300
2023-07-26,AAPL,192.5718994140625,193.70059786031172,191.40360413966724,191.75012548540775,47471900
2023-07-26,MSFT,332.5982666015625,339.3926421656176,328.00961399538977,336.212087083463,58383700
2023-07-26,TSLA,264.3500061035156,268.0400085449219,261.75,263.25,95856200
2023-07-27,AAPL,191.3046112060547,195.24515323301043,190.6412547294524,194.07685782549473,47460200
2023-07-27,MSFT,325.65618896484375,336.1037197516402,324.0117459121444,335.2667585487862,39635300
2023-07-27,TSLA,255.7100067138672,269.1300048828125,255.3000030517578,268.30999755859375,103697300
2023-07-28,AAPL,193.8887176513672,194.6807901855661,192.21546838859783,192.7402132321551,48291400
2023-07-28,MSFT,333.1890869140625,334.8039906913591,328.0687240684187,328.56106838340247,28484900
2023-07-28,TSLA,266.44000244140625,267.25,258.2300109863281,259.8599853515625,111446000
2023-07-31,AAPL,194.50259399414062,194.54220593555127,193.3243880114047,194.1164606567971,38824100
2023-07-31,MSFT,330.776611328125,332.52935585315663,328.255780838449,331.7612999388239,25446000
2023-07-31,TSLA,267.42999267578125,269.0799865722656,263.7799987792969,267.4800109863281,84582200
2023-08-01,AAPL,193.67092895507812,194.77982161953312,193.3441984148306,194.29468863259882,35175100
2023-08-01,MSFT,331.1901550292969,333.3564819361362,328.59059279140047,330.05776916675796,18311900
2023-08-01,TSLA,261.07000732421875,266.4700012207031,260.25,266.260009765625,83166000
2023-08-02,AAPL,190.67095947265625,193.24517665133837,189.94820018063527,193.10656507331342,50389300
2023-08-02,MSFT,322.4854431152344,328.5215876676995,321.36288394253444,328.5215876676995,27761300
2023-08-02,TSLA,254.11000061035156,259.5199890136719,250.49000549316406,255.57000732421875,101752900
2023-08-03,AAPL,189.27493286132812,190.46303425792703,188.79969532419432,189.67097673188036,61235200
2023-08-03,MSFT,321.6583557128906,324.82905395091615,320.9592352774214,321.0084576833229,18253700
2023-08-03,TSLA,259.32000732421875,260.489990234375,252.0,252.0399932861328,97569100
2023-08-04,AAPL,180.18594360351562,185.52251207833032,180.11663025996506,183.68094960257173,115799700
2023-08-04,MSFT,322.7611999511719,330.00852304114176,322.229459739469,326.7984288690622,23727700
2023-08-04,TSLA,253.86000061035156,264.7699890136719,253.11000061035156,260.9700012207031,99242600
2023-08-07,AAPL,177.0770721435547,181.31464344213896,175.5919415919706,180.32455640774955,97576100
2023-08-07,MSFT,325.0555114746094,326.0401999902519,322.50517182513227,323.34216307349016,17741500
2023-08-07,TSLA,251.4499969482422,253.64999389648438,242.75999450683594,251.4499969482422,111097900
2023-08-08,AAPL,178.0176544189453,178.48299654054432,175.81965996172053,177.90874423926195,67823000
2023-08-08,MSFT,321.0576477050781,323.716318462382,318.0543600406065,321.95371777438714,22327600
2023-08-08,TSLA,249.6999969482422,250.9199981689453,245.00999450683594,247.4499969482422,96642200
2023-08-09,AAPL,176.423583984375,179.13641237321562,175.25527360727992,179.0770095774785,60378500
2023-08-09,MSFT,317.296142578125,322.10139655564694,316.13418746953784,321.47121162839164,22373300
2023-08-09,TSLA,242.19000244140625,251.10000610351562,241.89999389648438,250.8699951171875,101596300
2023-08-10,AAPL,176.20578002929688,178.95822060931928,175.8394526832055,177.70080592181807,54686900
2023-08-10,MSFT,317.98541259765625,323.23381851196274,316.26220792584803,321.02809609784106,20113700
2023-08-10,TSLA,245.33999633789062,251.8000030517578,243.0,245.39999389648438,109498600
2023-08-11,AAPL,176.26527404785156,177.08815781935616,175.03591791571532,175.7993186650753,51988100
2023-08-11,MSFT,316.0948486328125,317.47340645136524,314.32239139441043,315.356332296055,24342600
2023-08-11,TSLA,242.64999389648438,243.7899932861328,238.02000427246094,241.77000427246094,98866600
2023-08-14,AAPL,177.9209442138672,178.14896748076782,175.78937369863468,176.44371711975322,43675600
2023-08-14,MSFT,319.0784912109375,319.0981741641378,315.17910285494025,316.46907252216096,18836100
2023-08-14,TSLA,239.75999450683594,240.66000366210938,233.75,235.6999969482422,98595300
2023-08-15,AAPL,175.92819213867188,177.94078172124355,175.53162857549793,177.34593637648265,43622600
2023-08-15,MSFT,316.9318542480469,320.1124092027747,315.9865616184338,318.05441366158993,16966300
2023-08-15,TSLA,232.9600067138672,240.5,232.61000061035156,238.72999572753906,88197600
2023-08-16,AAPL,175.0557403564453,177.00883168990967,174.98633341606396,175.61093536777827,46964900
2023-08-16,MSFT,316.1621398925781,320.1289875880266,315.57006992613054,316.55684316556676,20698900
2023-08-16,TSLA,225.60000610351562,233.97000122070312,225.3800048828125,228.02000427246094,112484500
2023-08-17,AAPL,172.50775146484375,175.9876437638565,171.9922068223475,175.62082177696578,66062900
2023-08-17,MSFT,312.688720703125,317.6127097168365,312.02756935768224,316.3003145091052,21257200
2023-08-17,TSLA,219.22000122070312,226.74000549316406,218.8300018310547,226.05999755859375,120718400
2023-08-18,AAPL,172.99356079101562,173.59832997175556,170.48525954825683,170.82234004167174,61114200
2023-08-18,MSFT,312.2940368652344,314.1689001847318,307.429221422088,310.3303374450524,24744800
2023-08-18,TSLA,215.49000549316406,217.5800018310547,212.36000061035156,214.1199951171875,135813700
2023-08-21,AAPL,174.3319854736328,174.61950689363672,172.25000423465377,173.56859991663836,46311900
2023-08-21,MSFT,317.6225891113281,318.50080167384647,312.84661003586535,313.7248225983837,24040000
2023-08-21,TSLA,231.27999877929688,232.1300048828125,220.5800018310547,221.5500030517578,135702700
2023-08-22,AAPL,175.71005249023438,176.15619021692956,174.73846130997606,175.541512243613,42084200
2023-08-22,MSFT,318.1949157714844,321.7670303653258,317.2081424532329,321.1947150908699,16102000
2023-08-22,TSLA,233.19000244140625,240.82000732421875,229.5500030517578,240.25,130597900
2023-08-23,AAPL,179.56671142578125,179.99303161559698,176.80064510070915,176.9890180826326,52722800
2023-08-23,MSFT,322.67486572265625,324.8457790055064,319.18167984531766,319.5369338888436,21166400
2023-08-23,TSLA,236.86000061035156,238.97999572753906,229.2899932861328,229.33999633789062,101077600
2023-08-24,AAPL,174.8673858642578,179.54690878007156,174.5005486639036,179.12058855477642,54945800
2023-08-24,MSFT,315.7378234863281,328.57575251487145,315.72794611782484,328.4474671800425,23281400
2023-08-24,TSLA,230.0399932861328,238.9199981689453,228.17999267578125,238.66000366210938,99777400
2023-08-25,AAPL,177.07823181152344,177.6135940867137,174.3121656551708,175.8587845923081,51449600
2023-08-25,MSFT,318.7080383300781,321.05653339298726,314.58330321702437,317.21800107114086,21684100
2023-08-25,TSLA,238.58999633789062,239.0,230.35000610351562,231.30999755859375,106612200
2023-08-28,AAPL,178.6446990966797,179.04126265908485,177.0187642861302,178.5455506421133,43820700
2023-08-28,MSFT,319.41851806640625,321.83609449836024,317.46469615983295,321.3525852347555,14808500
2023-08-28,TSLA,238.82000732421875,244.3800048828125,235.35000610351562,242.5800018310547,107673700
2023-08-29,AAPL,182.5409698486328,183.31427930675537,177.9605961154563,178.1588778766287,53003900
2023-08-29,MSFT,324.06622314453125,324.6286911530099,317.6225946985404,317.6225946985404,19284600
2023-08-29,TSLA,257.17999267578125,257.4800109863281,237.77000427246094,238.5800018310547,134047600
2023-08-30,AAPL,186.04066467285156,186.2389615294947,183.15563299497873,183.35391472369568,60813900
2023-08-30,MSFT,324.44122314453125,325.4477211359216,322.13217708385923,324.32281515894806,15222100
2023-08-30,TSLA,256.8999938964844,260.510009765625,250.58999633789062,254.1999969482422,121988400
2023-08-31,AAPL,186.25880432128906,187.49808420340318,185.87214960318659,186.22906281435257,60794500
2023-08-31,MSFT,323.4248352050781,326.5331651614873,322.45778650386836,324.8457912046821,26411000
2023-08-31,TSLA,258.0799865722656,261.17999267578125,255.0500030517578,255.97999572753906,108861700
2023-09-01,AAPL,187.83518981933594,188.2912363685708,186.66530168187228,187.86493132785435,45732600
2023-09-01,MSFT,324.31292724609375,327.5988691949411,322.45778856177515,326.9278705558269,14931200
2023-09-01,TSLA,245.00999450683594,259.0799865722656,242.00999450683594,257.260009765625,132272500
2023-09-05,AAPL,188.07310485839844,188.35070233138782,186.0010326036107,186.66528478025867,45280000
2023-09-05,MSFT,329.1382141113281,330.4210374382803,324.31290845170753,324.64840775182194,18553900
2023-09-05,TSLA,256.489990234375,258.0,244.86000061035156,245.0,129469600
2023-09-06,AAPL,181.3413543701172,187.2304149251444,179.91370149278592,186.78426205503195,81755800
2023-09-06,MSFT,328.47711181640625,330.03620043198475,325.81281177247035,328.97049848276976,17535800
2023-09-06,TSLA,251.9199981689453,255.38999938964844,245.05999755859375,255.13999938964844,116959800
2023-09-07,AAPL,176.0372314453125,176.68166607969957,172.0517029915355,173.6776376395152,112488800
2023-09-07,MSFT,325.54638671875,328.67444125152036,324.67802138664604,326.9081387064647,18381000
2023-09-07,TSLA,251.49000549316406,252.80999755859375,243.27000427246094,245.07000732421875,115312900
2023-09-08,AAPL,176.65191650390625,178.69426259870855,176.26526175899272,176.82047189213844,65551300
2023-09-08,MSFT,329.84869384765625,331.7137098037089,325.1023167744585,325.72398875980934,19530100
2023-09-08,TSLA,248.5,256.5199890136719,246.6699981689453,251.22000122070312,118367700
2023-09-11,AAPL,177.82180786132812,178.7537488345446,175.81912716109244,178.52572555213936,58953100
2023-09-11,MSFT,333.4701843261719,333.94384636953174,330.9933736107888,332.779430943847,16583300
2023-09-11,TSLA,273.5799865722656,274.8500061035156,260.6099853515625,264.2699890136719,174667900
2023-09-12,AAPL,174.78805541992188,178.58521118121962,173.32075212571604,177.95070042200115,90370200
2023-09-12,MSFT,327.38177490234375,332.33539626234364,327.09563232037993,331.3782249333898,17565500
2023-09-12,TSLA,267.4800109863281,278.3900146484375,266.6000061035156,270.760009765625,135999900
2023-09-13,AAPL,172.71597290039062,175.77946927367296,172.48793449989455,174.99623588192003,84267900
2023-09-13,MSFT,331.6150207519531,332.3945800625575,326.7897151493459,326.9278477470877,16544400
2023-09-13,TSLA,271.29998779296875,274.9800109863281,268.1000061035156,270.07000732421875,111673700
2023-09-14,AAPL,174.23284912109375,174.58976234555206,172.09136977434392,172.50776601489048,60895800
2023-09-14,MSFT,334.2201232910156,336.3515270839073,332.1182913781519,334.6641532003969,20267000
2023-09-14,TSLA,276.0400085449219,276.7099914550781,270.4200134277344,271.32000732421875,107709800
2023-09-15,AAPL,173.50909423828125,174.9863213204115,172.329312484714,174.96648860625493,109205100
2023-09-15,MSFT,325.852294921875,332.93732030579133,325.28982688834475,332.46368837349866,37666900
2023-09-15,TSLA,274.3900146484375,278.9800109863281,271.0,277.54998779296875,133422800
2023-09-18,AAPL,176.4437255859375,177.84163701778533,174.65915940995401,174.9664984209427,67257600
2023-09-18,MSFT,324.7076110839844,326.0298836572718,322.043311199017,323.4642671224755,16834200
2023-09-18,TSLA,265.2799987792969,271.44000244140625,263.760009765625,271.1600036621094,101543300
2023-09-19,AAPL,177.53428649902344,178.08948146713516,175.6109216966876,175.99757641576028,51826900
2023-09-19,MSFT,324.3030090332031,325.0332416851502,320.21778360821713,321.8558307484151,16505900
2023-09-19,TSLA,266.5,267.8500061035156,261.20001220703125,264.3500061035156,103704000
2023-09-20,AAPL,173.9849853515625,178.158871491594,173.8957457034938,177.72264255589144,58436200
2023-09-20,MSFT,316.5272521972656,325.23059969956495,316.2707116235492,325.15167108778996,21436500
2023-09-20,TSLA,262.5899963378906,273.92999267578125,262.4599914550781,267.0400085449219,122514600
2023-09-21,AAPL,172.43836975097656,174.78805492740332,172.3689779372214,173.0530629204369,63047900
2023-09-21,MSFT,315.3036804199219,321.04670841856864,310.8335984468154,315.03726246226876,35529500
2023-09-21,TSLA,255.6999969482422,260.8599853515625,254.2100067138672,257.8500061035156,119531000
2023-09-22,AAPL,173.29098510742188,175.56135441857745,172.55734106823024,173.17201907467273,56725400
2023-09-22,MSFT,312.8170166015625,317.1982925065449,311.96837589582117,317.0700071580314,21447900
2023-09-22,TSLA,244.8800048828125,257.7900085449219,244.47999572753906,257.3999938964844,127524100
2023-09-25,AAPL,174.56991577148438,175.4522824052414,172.6564598476282,172.7060340664089,46172700
2023-09-25,MSFT,313.3399963378906,313.4682816827549,310.83358377019226,312.40254967459873,17836000
2023-09-25,TSLA,246.99000549316406,247.10000610351562,238.30999755859375,243.3800048828125,104636600
2023-09-26,AAPL,170.4852752685547,173.69747930093746,170.1878450472042,173.32074847329434,64588900
2023-09-26,MSFT,308.0114440917969,311.70196673842554,305.91945932011913,310.9618867351327,26297600
2023-09-26,TSLA,244.1199951171875,249.5500030517578,241.66000366210938,242.97999572753906,101993600
2023-09-27,AAPL,168.96836853027344,171.55598552227247,167.60021383109716,171.1395892983555,66921800
2023-09-27,MSFT,308.6528625488281,310.1428699166052,305.59385896293986,308.16932310170114,19410100
2023-09-27,TSLA,240.5,245.3300018310547,234.5800018310547,244.25999450683594,136597200
2023-09-28,AAPL,169.2261505126953,170.5546549284134,166.18247183150447,167.88772217595067,56294400
2023-09-28,MSFT,309.4916076660156,311.30726701468535,305.35702492417727,306.87663419975775,19683600
2023-09-28,TSLA,246.3800048828125,247.5500030517578,238.64999389648438,240.02000427246094,117058900
2023-09-29,AAPL,169.74168395996094,171.5857329254824,168.8791349237489,170.54473485773315,51814200
2023-09-29,MSFT,311.5736999511719,315.2444981907834,310.8138952768678,313.54724674421175,24140300
2023-09-29,TSLA,250.22000122070312,254.77000427246094,246.35000610351562,250.0,128346200
2023-10-02,AAPL,172.2598876953125,172.80517381863842,169.46406527821966,169.7515866559401,52164500
2023-10-02,MSFT,317.5436706542969,317.6325067612808,311.01123551145383,312.0966922830595,20570000
2023-10-02,TSLA,251.60000610351562,254.27999877929688,242.6199951171875,244.80999755859375,123810400
2023-10-03,AAPL,170.92147827148438,172.14094058886474,169.35504178574476,170.78267952738358,49594600
2023-10-03,MSFT,309.2449035644531,317.13909008245986,307.09371485170817,316.5864693213822,21033500
2023-10-03,TSLA,246.52999877929688,250.02000427246094,244.4499969482422,248.61000061035156,101985300
2023-10-04,AAPL,172.17068481445312,172.71597100628938,169.50375199905025,169.62271803074952,53020300
2023-10-04,MSFT,314.7411804199219,315.80691237012786,309.8467936401809,309.87639563246836,20720100
2023-10-04,TSLA,261.1600036621094,261.8599853515625,247.60000610351562,248.13999938964844,129721600
2023-10-05,AAPL,173.40997314453125,173.94533544106068,171.19908676207933,172.29956799243436,48527900
2023-10-05,MSFT,315.1358947753906,315.74771949407113,310.73489445489207,314.86947683543065,16965600
2023-10-05,TSLA,260.04998779296875,263.6000061035156,256.25,260.0,119159200
2023-10-06,AAPL,175.96783447265625,176.46354642551725,171.69478473153458,172.30947784007347,57224100
2023-10-06,MSFT,322.9314270019531,324.8358921681667,312.1163703803469,312.36306369557445,25645500
2023-10-06,TSLA,260.5299987792969,261.6499938964844,250.64999389648438,253.97999572753906,117947000
2023-10-09,AAPL,177.45498657226562,177.51446959158443,174.2923416030924,175.29367439346143,42390800
2023-10-09,MSFT,325.4576110839844,325.93124304462157,318.90542123178176,320.45466270221294,19891200
2023-10-09,TSLA,259.6700134277344,261.3599853515625,252.0500030517578,255.30999755859375,101377900
2023-10-10,AAPL,176.86013793945312,178.1787337581922,176.42390893139742,176.5726316175604,43698000
2023-10-10,MSFT,324.0465087890625,326.720656085552,323.3360307858184,326.58249336445317,20557100
2023-10-10,TSLA,263.6199951171875,268.94000244140625,257.6499938964844,257.75,122656000
2023-10-11,AAPL,178.258056640625,178.30763087133224,176.0769266408882,176.6717720255812,47551100
2023-10-11,MSFT,328.023193359375,328.4178966562557,324.786578142663,326.82917598535187,20063200
2023-10-11,TSLA,262.989990234375,268.6000061035156,260.8999938964844,266.20001220703125,103706300
2023-10-12,AAPL,179.16024780273438,180.77625872690152,177.50455631675857,178.52573701205876,56743100
2023-10-12,MSFT,326.7798767089844,329.2172081664268,324.37214724843665,326.19768402743284,19313100
2023-10-12,TSLA,258.8699951171875,265.4100036621094,256.6300048828125,262.9200134277344,111508100
2023-10-13,AAPL,177.31619262695312,180.36976530628638,176.61227491408687,179.86414450043375,51427100
2023-10-13,MSFT,323.39520263671875,329.41449526956706,322.04329801120366,327.9836921494348,21072400
2023-10-13,TSLA,251.1199951171875,259.6000061035156,250.22000122070312,258.8999938964844,102073800
2023-10-16,AAPL,177.18728637695312,177.5441995976702,174.99623283045386,175.23418002024147,52517000
2023-10-16,MSFT,328.24029541015625,331.6940020700412,326.22726938220796,326.6712993129767,22158000
2023-10-16,TSLA,253.9199981689453,255.39999389648438,248.47999572753906,250.0500030517578,88917200
2023-10-17,AAPL,175.63075256347656,176.88986525789463,173.3009152798367,175.1350405719026,57549400
2023-10-17,MSFT,327.66790771484375,329.04938417767374,323.07941833897735,325.230576696379,18338500
2023-10-17,TSLA,254.85000610351562,257.17999267578125,247.0800018310547,250.10000610351562,93562900
2023-10-18,AAPL,174.3319854736328,176.05706860986896,173.60825021874456,174.07422069011992,54764400
2023-10-18,MSFT,325.74371337890625,331.15124180050987,323.95765614917667,328.0922386062229,23153600
2023-10-18,TSLA,242.67999267578125,254.6300048828125,242.0800018310547,252.6999969482422,125147800
2023-10-19,AAPL,173.9552764892578,176.31485552292168,173.68758775067354,174.53028914557814,59302900
2023-10-19,MSFT,326.937744140625,332.42420139961934,326.5331634650962,327.75675274742485,25052100
2023-10-19,TSLA,220.11000061035156,230.61000061035156,216.77999877929688,225.9499969482422,170772700
2023-10-20,AAPL,171.3973846435547,173.91559492791032,171.15943743932888,173.80653768363138,64189300
2023-10-20,MSFT,322.3492431640625,327.5298029248246,321.1453785484329,327.33243622169937,25012600
2023-10-20,TSLA,211.99000549316406,218.86000061035156,210.4199981689453,217.00999450683594,137734000
2023-10-23,AAPL,171.516357421875,172.51769024747387,168.47267838425373,169.44428482707696,55980100
2023-10-23,MSFT,324.9642028808594,328.3291035769389,320.0994175521123,321.16511950696747,24374700
2023-10-23,TSLA,212.0800018310547,216.97999572753906,202.50999450683594,210.0,150683400
2023-10-24,AAPL,171.9525909423828,172.18061423977284,169.97965162202772,171.56593616509952,43816600
2023-10-24,MSFT,326.158203125,327.4508738398732,323.2669643574704,326.91800778434316,31153600
2023-10-24,TSLA,216.52000427246094,222.0500030517578,214.11000061035156,216.5,118231100
2023-10-25,AAPL,169.6326446533203,171.57582713235345,169.1864917714858,170.40595412753765,57157000
2023-10-25,MSFT,336.1640625,341.6209174681372,333.15438596388094,340.4565021251705,55053800
2023-10-25,TSLA,212.4199981689453,220.10000610351562,212.1999969482422,215.8800048828125,107065100
2023-10-26,AAPL,165.45875549316406,169.91025482669738,164.24921696829185,168.90890687614655,70625300
2023-10-26,MSFT,323.5531311035156,337.11138741830564,322.61568436698997,336.0358080707796,37828500
2023-10-26,TSLA,205.75999450683594,214.8000030517578,204.8800048828125,211.32000732421875,115112600
2023-10-27,AAPL,166.77734375,167.5110029440003,165.39926501775972,165.47858075180807,58499100
2023-10-27,MSFT,325.44769287109375,332.26629984544655,324.05633893346254,326.0594874860953,29856500
2023-10-27,TSLA,207.3000030517578,212.41000366210938,205.77000427246094,210.60000610351562,94881200
2023-10-30,AAPL,168.82957458496094,169.70203248533966,167.42175441803172,167.57047708446643,51131000
2023-10-30,MSFT,332.8484802246094,334.9601894195528,327.44095201134724,329.0000705992629,22828100
2023-10-30,TSLA,197.36000061035156,210.8800048828125,194.6699981689453,209.27999877929688,136448200
2023-10-31,AAPL,169.30548095703125,169.43435579022267,166.4600837859852,167.89766069037708,44846000
2023-10-31,MSFT,333.6379089355469,334.5161516349393,330.2631610837394,334.368141661427,20265300
2023-10-31,TSLA,200.83999633789062,202.8000030517578,194.07000732421875,196.1199951171875,118068300
2023-11-01,AAPL,172.47804260253906,172.73580740860803,168.66105397183955,169.5335119738121,56934900
2023-11-01,MSFT,341.49261474609375,342.82476461304486,335.15751743704527,335.29568014223713,28158800
2023-11-01,TSLA,205.66000366210938,205.99000549316406,197.85000610351562,204.0399932861328,121661700
2023-11-02,AAPL,176.0471649169922,176.25535548295753,173.95525969593038,174.01474271477764,77334800
2023-11-02,MSFT,343.7128601074219,344.2160939793093,340.2097970582298,342.64712815086057,24348100
2023-11-02,TSLA,218.50999450683594,219.1999969482422,211.4499969482422,212.97000122070312,125987600
2023-11-03,AAPL,175.13504028320312,175.30359567263832,171.8633532465518,172.74571998498175,79763700
2023-11-03,MSFT,348.1335754394531,349.70257133908996,342.73592479174664,345.0055212365651,23624000
2023-11-03,TSLA,219.9600067138672,226.3699951171875,218.39999389648438,221.14999389648438,119281000
2023-11-06,AAPL,177.69293212890625,177.89121391765332,174.6988423245846,174.86738260141615,63841300
2023-11-06,MSFT,351.81427001953125,352.810920650958,348.6763382726154,348.775021621636,23828300
2023-11-06,TSLA,219.27000427246094,226.32000732421875,215.0,223.97999572753906,117335800
2023-11-07,AAPL,180.2606964111328,180.87537437336846,177.4351323131202,177.64332285545842,70530000
2023-11-07,MSFT,355.7613525390625,357.66581765167786,352.89971618574515,354.6462939673867,25833900
2023-11-07,TSLA,222.17999267578125,223.1199951171875,215.72000122070312,219.97999572753906,116900100
2023-11-08,AAPL,181.32151794433594,181.87671291239437,180.0326638382413,180.7861556902591,49340300
2023-11-08,MSFT,358.3960876464844,359.057208917739,355.78111421518867,356.89617290299117,26767800
2023-11-08,TSLA,222.11000061035156,224.14999389648438,217.63999938964844,223.14999389648438,106584800
2023-11-09,AAPL,180.84567260742188,182.54099933642837,180.25081209988173,181.3909588846785,53763500
2023-11-09,MSFT,355.9193115234375,359.9650886165862,355.59365942714123,357.50800229393934,24847300
2023-11-09,TSLA,209.97999572753906,220.8000030517578,206.67999267578125,219.75,142110500
2023-11-10,AAPL,185.0448760986328,185.21365353801235,182.1957456895483,182.63254933718324,66133400
2023-11-10,MSFT,364.780517578125,365.2048228913201,356.2942607445592,356.7086886877949,28042100
2023-11-10,TSLA,214.64999389648438,215.3800048828125,205.69000244140625,210.02999877929688,130994000
2023-11-13,AAPL,183.45652770996094,184.67758150620577,182.87082057942214,184.46911666550656,43627500
2023-11-13,MSFT,361.83001708984375,363.59634968321416,361.0603351402409,363.3496563645731,19986500
2023-11-13,TSLA,223.7100067138672,225.39999389648438,211.61000061035156,215.60000610351562,140447600
2023-11-14,AAPL,186.07733154296875,186.74245888927783,184.94561983989882,186.33543591459554,60108400
2023-11-14,MSFT,365.3725280761719,367.03033005742196,362.4911669897253,366.1027607739128,27683900
2023-11-14,TSLA,237.41000366210938,238.13999938964844,230.72000122070312,235.02999877929688,149771600
2023-11-15,AAPL,186.6431884765625,188.12236184083608,186.414864785386,186.4843631662735,53790500
2023-11-15,MSFT,365.5209045410156,368.9420616823199,362.98960975360205,367.1128197102885,26860100
2023-11-15,TSLA,242.83999633789062,246.6999969482422,236.4499969482422,239.2899932861328,150354000
2023-11-16,AAPL,188.3308563232422,189.57176909575145,187.2785495679511,188.1918746986356,54412900
2023-11-16,MSFT,371.9479064941406,372.12587894423325,366.0251173322835,366.7963614577358,27182300
2023-11-16,TSLA,233.58999633789062,240.8800048828125,230.9600067138672,239.49000549316406,136816800
2023-11-17,AAPL,188.31097412109375,188.99596031021713,187.19912126214516,188.86690055056806,50922700
2023-11-17,MSFT,365.6988830566406,370.1681406109191,362.8808648558553,369.41666104402844,40157000
2023-11-17,TSLA,234.3000030517578,237.38999938964844,226.5399932861328,232.0,142532800
2023-11-20,AAPL,190.05816650390625,190.51482899547432,188.49958819031184,188.50951003765908,46505100
2023-11-20,MSFT,373.2036437988281,374.6175863426899,366.83592346802067,367.053455411311,52465100
2023-11-20,TSLA,235.60000610351562,237.10000610351562,231.02000427246094,234.0399932861328,116320100
2023-11-21,AAPL,189.25405883789062,190.12766614172318,188.36060783923182,190.0184652287441,38134500
2023-11-21,MSFT,368.8826904296875,371.9973289708727,366.954565050594,371.4535142101286,28423100
2023-11-21,TSLA,241.1999969482422,243.6199951171875,233.33999633789062,235.0399932861328,122288000
2023-11-22,AAPL,189.919189453125,191.52740733771327,189.4426832554431,190.09788874466753,39617700
2023-11-22,MSFT,373.6090393066406,375.52726727191356,370.7613594334498,373.75734968023374,23345300
2023-11-22,TSLA,234.2100067138672,244.00999450683594,231.39999389648438,242.0399932861328,117950600
2023-11-24,AAPL,188.5889434814453,189.51217522879531,187.87417657801197,189.48239453680722,24048300
2023-11-24,MSFT,373.19378662109375,373.7277342076605,370.92951089344206,373.0949029680178,10176600
2023-11-24,TSLA,235.4499969482422,238.75,232.3300018310547,233.75,65125200
2023-11-27,AAPL,188.4102325439453,189.28383984926063,187.52670339120002,188.53929229982836,40552600
2023-11-27,MSFT,374.3605651855469,376.36780996070956,371.97764095381814,372.5511179073955,22179200
2023-11-27,TSLA,236.0800018310547,238.3300018310547,232.10000610351562,236.88999938964844,112031800
2023-11-28,AAPL,189.0157928466797,189.6908571482296,188.0230628104096,188.40030507150686,38415400
2023-11-28,MSFT,378.4046325683594,378.70125333384794,373.91558054196696,374.1034504184605,20453100
2023-11-28,TSLA,246.72000122070312,247.0,234.00999450683594,236.67999267578125,148549900
2023-11-29,AAPL,187.99330139160156,190.69352857887446,187.5962153955331,189.5121772909601,43014200
2023-11-29,MSFT,374.5978088378906,379.9866201515638,373.20363100030266,379.45270281593014,28963400
2023-11-29,TSLA,244.13999938964844,252.75,242.75999450683594,249.2100067138672,135401300
2023-11-30,AAPL,188.569091796875,188.93641225844013,186.82189215984647,188.45989087281944,48794400
2023-11-30,MSFT,374.65716552734375,375.82391411402256,371.2557732398662,374.2418662773965,30554400
2023-11-30,TSLA,240.0800018310547,245.22000122070312,236.91000366210938,245.13999938964844,132353200
2023-12-01,AAPL,189.84971618652344,190.16738195236098,187.85431892352926,188.94632812953898,45679300
2023-12-01,MSFT,370.3065490722656,373.91557582374776,367.1424534634021,372.53129531051445,33020400
2023-12-01,TSLA,238.8300018310547,240.19000244140625,231.89999389648438,233.13999938964844,121173500
2023-12-04,AAPL,188.05287170410156,188.6683747194466,186.08727017888344,188.5988763355123,43389500
2023-12-04,MSFT,364.9967956542969,365.37250519603646,358.8268127510661,364.9572361643586,32063300
2023-12-04,TSLA,235.5800018310547,239.3699951171875,233.2899932861328,235.75,104099800
2023-12-05,AAPL,192.01388549804688,192.98675691360702,188.7974339952708,188.82722983916972,66628400
2023-12-05,MSFT,368.3388671875,368.8925793974309,361.51631803473913,362.33701910752933,23065000
2023-12-05,TSLA,238.72000122070312,246.66000366210938,233.6999969482422,233.8699951171875,137971100
2023-12-06,AAPL,190.92189025878906,193.34413936117784,190.71341023980193,193.03639540522764,41089700
2023-12-06,MSFT,364.6606140136719,369.98023426556915,363.8992672788477,369.3474332518956,21182100
2023-12-06,TSLA,239.3699951171875,246.57000732421875,239.1699981689453,242.9199981689453,126436200
2023-12-07,AAPL,192.85768127441406,193.5823700079149,192.18261692775607,192.22233461466143,47477700
2023-12-07,MSFT,366.7864685058594,367.2808565048294,362.20843080738945,364.09699658446067,23118900
2023-12-07,TSLA,242.63999938964844,244.0800018310547,236.97999572753906,241.5500030517578,107142300
2023-12-08,AAPL,194.2872314453125,194.56519468567552,192.26205338225554,192.78819916921847,53377300
2023-12-08,MSFT,370.0296936035156,370.2570927962262,364.0970369580223,365.0561509893791,20144800
2023-12-08,TSLA,243.83999633789062,245.27000427246094,239.27000427246094,240.27000427246094,102980100
2023-12-11,AAPL,191.77561950683594,192.0833786038581,190.02841974664355,191.70613626728084,60943700
2023-12-11,MSFT,367.132568359375,367.429219306122,361.990950541345,364.3442425802933,27708800
2023-12-11,TSLA,239.74000549316406,243.44000244140625,237.4499969482422,242.74000549316406,97913900
2023-12-12,AAPL,193.29449462890625,193.30441647720014,190.32622602015354,191.6763396332624,52696900
2023-12-12,MSFT,370.177978515625,370.2175380062211,366.3019631635577,366.6876003030071,24838300
2023-12-12,TSLA,237.00999450683594,238.99000549316406,233.8699951171875,238.5500030517578,95328300
2023-12-13,AAPL,196.52084350585938,196.5605460420224,193.43345250504257,193.67169801773704,70404200
2023-12-13,MSFT,370.1680908203125,373.4014078665919,366.6084909494342,371.7995652934086,30955500
2023-12-13,TSLA,239.2899932861328,240.3000030517578,228.1999969482422,234.19000244140625,146286300
2023-12-14,AAPL,196.6697540283203,198.16877097511053,194.733933428728,196.58041195784497,66831600
2023-12-14,MSFT,361.8228759765625,369.5650106993182,360.0430908454987,369.1200493290244,43277500
2023-12-14,TSLA,251.0500030517578,253.8800048828125,240.7899932861328,241.22000122070312,160829200
2023-12-15,AAPL,196.13369750976562,196.95765018105735,195.56783406915136,196.09397982207716,128256700
2023-12-15,MSFT,366.5689697265625,368.2202088944094,362.168904067831,362.7325136796333,78478200
2023-12-15,TSLA,253.5,254.1300048828125,248.3000030517578,251.2100067138672,135720800
2023-12-18,AAPL,194.46591186523438,195.20053764226134,192.97681661429394,194.66445486912104,55751900
2023-12-18,MSFT,368.4674377441406,368.8135154424353,364.5419950993195,365.3033720705786,21802900
2023-12-18,TSLA,252.0800018310547,258.739990234375,251.36000061035156,253.77999877929688,116416500
2023-12-19,AAPL,195.5082550048828,195.5181768519779,194.46588544128923,194.73392679143802,40714100
2023-12-19,MSFT,369.070556640625,369.070556640625,365.6889292857822,367.3204037269137,20603700
2023-12-19,TSLA,257.2200012207031,258.3399963378906,253.00999450683594,253.47999572753906,106737400
2023-12-20,AAPL,193.41360473632812,196.24287639656293,193.41360473632812,195.46854814025792,52242800
2023-12-20,MSFT,366.4602355957031,371.80951853431884,366.3712493574519,370.79108024092596,26316700
2023-12-20,TSLA,247.13999938964844,259.8399963378906,247.0,256.4100036621094,125097000
2023-12-21,AAPL,193.2646942138672,195.64725561182692,192.09327993279487,194.674384326953,46482500
2023-12-21,MSFT,369.347412109375,370.2076424400769,365.8866959536453,368.3784007227526,17708000
2023-12-21,TSLA,254.5,254.8000030517578,248.5500030517578,251.89999389648438,109594200
2023-12-22,AAPL,192.1925811767578,193.98942049361074,191.56715627611524,193.76108163117405,37122800
2023-12-22,MSFT,370.375732421875,370.9690041075322,368.5267259720335,369.4858399809148,17091100
2023-12-22,TSLA,252.5399932861328,258.2200012207031,251.3699951171875,256.760009765625,93249800
2023-12-26,AAPL,191.64654541015625,192.48043504376977,191.42814358023,192.20247183256527,28919300
2023-12-26,MSFT,370.4548645019531,372.70927284710115,369.3078805824845,370.7910447615306,12673100
2023-12-26,TSLA,256.6099853515625,257.9700012207031,252.91000366210938,254.49000549316406,86892400
2023-12-27,AAPL,191.7458038330078,192.09326541098244,189.7007823458299,191.09061350986994,48087700
2023-12-27,MSFT,369.8714904785156,370.8503691813732,368.6256229112042,369.4957507248787,14905400
2023-12-27,TSLA,261.44000244140625,263.3399963378906,257.5199890136719,258.3500061035156,106494400
2023-12-28,AAPL,192.1726837158203,193.24483398097485,191.7656607623355,192.72861011674675,34049900
2023-12-28,MSFT,371.06793212890625,372.2346808060371,369.9605076099309,371.15691836613945,14327000
2023-12-28,TSLA,253.17999267578125,265.1300048828125,252.7100067138672,263.6600036621094,113619900
2023-12-29,AAPL,191.13034057617188,192.98674116771573,190.33615340163328,192.49037607711168,42628800
2023-12-29,MSFT,371.81939697265625,372.9268214477709,369.2881324080931,371.77983747710107,18723000
2023-12-29,TSLA,248.47999572753906,255.19000244140625,247.42999267578125,255.10000610351562,100615300
